Year (dec),E (m),N (m),Z (m),eUnc,nUnc,zUnc,eCov,nCov,zCov,Year,Month,Day
2014.00136893,0.555975,0.101905,-0.111655,0.000867,0.000718,0.003349,0.021108,-0.019911,-0.032188,2014,1,1
2014.00410678,0.555632,0.101144,-0.114662,0.000909,0.000760,0.003519,0.038727,-0.051420,-0.028183,2014,1,2
2014.00684463,0.554165,0.100260,-0.119861,0.000869,0.000719,0.003397,0.021793,-0.018124,-0.038353,2014,1,3
2014.00958248,0.558663,0.103065,-0.114915,0.000868,0.000719,0.003386,0.023704,-0.019947,-0.042402,2014,1,4
2014.01232033,0.558797,0.101739,-0.111173,0.000887,0.000723,0.003421,0.021478,-0.012170,-0.049571,2014,1,5
2014.01505818,0.557387,0.102704,-0.111260,0.000894,0.000730,0.003459,0.029101,-0.030911,-0.058828,2014,1,6
2014.01779603,0.557366,0.104701,-0.108099,0.000889,0.000727,0.003412,0.016852,-0.010053,-0.042559,2014,1,7
2014.02053388,0.558717,0.102206,-0.115322,0.000872,0.000722,0.003400,0.025930,-0.023608,-0.021372,2014,1,8
2014.02327173,0.557229,0.102025,-0.116772,0.000874,0.000735,0.003458,0.033903,-0.026519,-0.027628,2014,1,9
2014.02600958,0.558000,0.101140,-0.113029,0.000891,0.000760,0.003532,0.035242,-0.044444,-0.051195,2014,1,10
2014.02874743,0.558593,0.101104,-0.111551,0.000888,0.000756,0.003480,0.018369,-0.042195,-0.046935,2014,1,11
2014.03148528,0.559430,0.101802,-0.118899,0.000916,0.000759,0.003520,0.038154,-0.025385,-0.031011,2014,1,12
2014.03422313,0.559466,0.102407,-0.111799,0.000867,0.000719,0.003378,0.017033,-0.023218,-0.029796,2014,1,13
2014.03696099,0.557467,0.101360,-0.114586,0.000871,0.000724,0.003423,0.014271,-0.028173,-0.035437,2014,1,14
2014.03969884,0.560053,0.102597,-0.113616,0.000868,0.000715,0.003363,0.016423,-0.014399,-0.033693,2014,1,15
2014.04243669,0.557663,0.104362,-0.109560,0.000934,0.000782,0.003660,0.038690,-0.047559,-0.040524,2014,1,16
2014.04517454,0.557079,0.104067,-0.102411,0.000879,0.000731,0.003423,0.014841,-0.015032,-0.013828,2014,1,17
2014.04791239,0.559655,0.104348,-0.108050,0.000860,0.000721,0.003374,0.018661,-0.016731,-0.042313,2014,1,18
2014.05065024,0.558811,0.105771,-0.116145,0.000860,0.000714,0.003343,0.014071,-0.017652,-0.022331,2014,1,19
2014.05338809,0.559886,0.106108,-0.112037,0.000864,0.000714,0.003359,0.017476,-0.015832,-0.029417,2014,1,20
2014.05612594,0.558246,0.107271,-0.117095,0.000864,0.000712,0.003354,0.016181,-0.008265,-0.033805,2014,1,21
2014.05886379,0.556893,0.104990,-0.117271,0.000870,0.000724,0.003415,0.007830,-0.014451,-0.028243,2014,1,22
2014.06160164,0.559845,0.104077,-0.105190,0.000898,0.000775,0.003558,0.038143,-0.016512,-0.055177,2014,1,23
2014.06433949,0.558536,0.108531,-0.112726,0.000886,0.000753,0.003497,0.023484,-0.037103,-0.058965,2014,1,24
2014.06707734,0.559913,0.108793,-0.114726,0.000907,0.000788,0.003623,0.019211,-0.071441,-0.063415,2014,1,25
2014.06981520,0.560998,0.108518,-0.105574,0.000887,0.000724,0.003424,0.016539,0.003383,-0.036156,2014,1,26
2014.07255305,0.559628,0.106787,-0.106674,0.000864,0.000721,0.003413,0.025127,-0.005978,-0.031770,2014,1,27
2014.07529090,0.561787,0.105022,-0.102859,0.000900,0.000758,0.003593,0.020870,-0.034954,-0.067005,2014,1,28
2014.07802875,0.562859,0.105520,-0.110389,0.000861,0.000721,0.003398,0.003546,0.011141,-0.034772,2014,1,29
2014.08076660,0.562642,0.107330,-0.114779,0.000911,0.000768,0.003621,-0.012195,-0.022530,-0.014557,2014,1,30
2014.08350445,0.560551,0.107352,-0.112256,0.000921,0.000765,0.003630,0.022197,-0.009246,-0.060517,2014,1,31
2014.08624230,0.564566,0.108028,-0.106613,0.000927,0.000753,0.003641,0.036264,-0.007695,-0.046371,2014,2,1
2014.08898015,0.564128,0.110649,-0.109956,0.000904,0.000755,0.003583,-0.005807,0.002870,-0.061059,2014,2,2
2014.09171800,0.563339,0.108120,-0.106589,0.000892,0.000745,0.003507,-0.006704,0.009530,-0.035788,2014,2,3
2014.09445585,0.559920,0.109084,-0.104461,0.000882,0.000736,0.003492,0.007709,-0.011526,-0.045010,2014,2,4
2014.09719370,0.560883,0.111197,-0.115724,0.000888,0.000722,0.003441,0.005815,0.003704,-0.029554,2014,2,5
2014.09993155,0.559828,0.111437,-0.109995,0.000866,0.000716,0.003408,0.007629,0.001522,-0.042904,2014,2,6
2014.10266940,0.559230,0.114302,-0.112215,0.000885,0.000744,0.003588,0.008606,-0.007365,-0.006382,2014,2,7
2014.10540726,0.560006,0.114047,-0.108736,0.000873,0.000731,0.003521,0.019079,0.005908,-0.039418,2014,2,8
2014.10814511,0.560199,0.112145,-0.108232,0.000864,0.000721,0.003428,0.020780,-0.017995,-0.048993,2014,2,9
2014.11088296,0.563800,0.112656,-0.112751,0.000876,0.000747,0.003594,0.033821,-0.010647,-0.048339,2014,2,10
2014.11362081,0.564323,0.110892,-0.114696,0.000866,0.000723,0.003442,0.015219,-0.003655,-0.048340,2014,2,11
2014.11635866,0.563892,0.111154,-0.107508,0.000863,0.000723,0.003424,0.007348,-0.007768,-0.046014,2014,2,12
2014.11909651,0.560601,0.112639,-0.117689,0.000862,0.000721,0.003397,0.008064,0.000806,-0.032193,2014,2,13
2014.12183436,0.561190,0.111601,-0.105109,0.001012,0.000803,0.003847,0.019078,-0.029012,-0.039745,2014,2,14
2014.12457221,0.563645,0.110360,-0.112061,0.000870,0.000725,0.003442,0.016537,0.004277,-0.031672,2014,2,15
2014.12731006,0.566552,0.107967,-0.110429,0.000864,0.000726,0.003431,0.013804,-0.006255,-0.036239,2014,2,16
2014.13004791,0.565036,0.108308,-0.114761,0.000862,0.000720,0.003401,0.011036,-0.011190,-0.034495,2014,2,17
2014.13278576,0.563910,0.109210,-0.111586,0.000891,0.000747,0.003622,0.022195,0.016485,-0.060547,2014,2,18
2014.13552361,0.564209,0.113226,-0.109094,0.000925,0.000788,0.003751,-0.004679,0.008387,-0.081759,2014,2,19
2014.13826146,0.563190,0.113441,-0.108399,0.000909,0.000754,0.003558,0.050285,-0.038283,-0.067346,2014,2,20
2014.14099932,0.561540,0.112716,-0.118687,0.000871,0.000721,0.003400,0.017649,-0.005813,-0.031377,2014,2,21
2014.14373717,0.566594,0.115553,-0.104695,0.000935,0.000763,0.003576,0.024875,-0.028265,-0.037574,2014,2,22
2014.14647502,0.567100,0.112590,-0.101876,0.000896,0.000733,0.003486,0.011308,-0.005765,-0.022342,2014,2,23
2014.14921287,0.567860,0.111509,-0.117676,0.000882,0.000717,0.003406,0.007560,-0.007820,-0.041461,2014,2,24
2014.15195072,0.566399,0.113306,-0.106888,0.000940,0.000760,0.003630,0.050934,-0.005754,-0.002086,2014,2,25
2014.15468857,0.568425,0.109428,-0.103462,0.000958,0.000798,0.003749,0.061554,-0.047908,-0.027013,2014,2,26
2014.15742642,0.566151,0.110121,-0.102455,0.000989,0.000811,0.003874,0.037001,-0.016180,-0.012737,2014,2,27
2014.16016427,0.569626,0.112211,-0.101053,0.000923,0.000760,0.003614,0.016472,0.009246,0.005102,2014,2,28
2014.16290212,0.567856,0.111210,-0.111448,0.000909,0.000735,0.003461,0.011357,-0.005203,-0.048412,2014,3,1
2014.16563997,0.568405,0.110809,-0.095367,0.000927,0.000767,0.003553,0.030925,-0.029568,-0.032797,2014,3,2
2014.16837782,0.572769,0.112678,-0.106277,0.000984,0.000853,0.004056,0.077633,-0.072141,-0.040735,2014,3,3
2014.17111567,0.564294,0.105922,-0.100066,0.000984,0.000852,0.004091,0.067713,-0.074042,-0.039318,2014,3,4
2014.17385352,0.565147,0.116008,-0.110170,0.000982,0.000842,0.004090,0.053183,-0.033932,-0.031816,2014,3,5
2014.17659138,0.571236,0.111130,-0.101615,0.000960,0.000782,0.003644,0.035050,-0.027365,0.004900,2014,3,6
2014.17932923,0.570370,0.115433,-0.101931,0.001027,0.000841,0.003919,0.049559,0.028446,-0.032720,2014,3,7
2014.18206708,0.565109,0.112244,-0.112760,0.001012,0.000812,0.003877,0.070396,-0.023667,-0.029858,2014,3,8
2014.18480493,0.568997,0.108604,-0.102422,0.000965,0.000786,0.003787,0.038798,-0.040867,-0.014734,2014,3,9
2014.18754278,0.568378,0.111696,-0.103165,0.000971,0.000792,0.003848,0.048972,-0.024586,-0.012971,2014,3,10
2014.19028063,0.568678,0.111682,-0.106804,0.001013,0.000815,0.003885,0.061526,-0.011494,-0.004095,2014,3,11
2014.19301848,0.571599,0.113107,-0.086017,0.000972,0.000775,0.003691,0.052024,-0.001417,0.004636,2014,3,12
2014.19575633,0.567555,0.116807,-0.110303,0.000894,0.000730,0.003410,0.024654,-0.020693,-0.030692,2014,3,13
2014.19849418,0.569985,0.113094,-0.110881,0.000886,0.000716,0.003410,0.028013,-0.019393,-0.022310,2014,3,14
2014.20123203,0.566134,0.114794,-0.115295,0.000935,0.000764,0.003732,0.039588,-0.026909,-0.001697,2014,3,15
2014.20396988,0.566347,0.114524,-0.106757,0.000952,0.000769,0.003697,0.047466,0.014691,-0.004452,2014,3,16
2014.20670773,0.571669,0.116268,-0.112810,0.000968,0.000797,0.003843,0.042848,0.002365,-0.004885,2014,3,17
2014.20944559,0.567670,0.116135,-0.112252,0.000952,0.000775,0.003682,0.050788,-0.010111,-0.012824,2014,3,18
2014.21218344,0.566018,0.114992,-0.111854,0.000962,0.000785,0.003774,0.035338,-0.041365,-0.016128,2014,3,19
2014.21492129,0.572751,0.114777,-0.109766,0.001026,0.000795,0.003851,0.051798,-0.013379,-0.050323,2014,3,20
2014.21765914,0.570050,0.116215,-0.112370,0.000949,0.000782,0.003737,0.052546,-0.031587,-0.018707,2014,3,21
2014.22039699,0.571194,0.114508,-0.103623,0.000959,0.000800,0.003818,0.046153,-0.010163,-0.013281,2014,3,22
2014.22313484,0.572635,0.118642,-0.113025,0.000957,0.000790,0.003821,0.033727,-0.022031,-0.007876,2014,3,23
2014.22587269,0.572020,0.117643,-0.105027,0.000967,0.000782,0.003771,0.030716,0.000499,-0.009219,2014,3,24
2014.22861054,0.574918,0.117353,-0.107831,0.000976,0.000785,0.003716,0.035441,-0.045946,-0.008380,2014,3,25
2014.23134839,0.573758,0.116693,-0.105222,0.000910,0.000736,0.003500,0.051466,-0.008950,-0.037557,2014,3,26
2014.23408624,0.572829,0.117912,-0.102755,0.000951,0.000780,0.003738,0.032092,0.009466,-0.025235,2014,3,27
2014.23682409,0.570244,0.118428,-0.109042,0.000982,0.000796,0.003801,0.019742,-0.010033,0.004852,2014,3,28
2014.23956194,0.571486,0.117145,-0.108430,0.001008,0.000822,0.003871,0.017471,-0.017872,-0.038551,2014,3,29
2014.24229979,0.571842,0.116960,-0.109608,0.000955,0.000786,0.003765,0.050329,-0.017364,-0.017271,2014,3,30
2014.24503765,0.572223,0.116775,-0.111354,0.000980,0.000805,0.003849,0.051246,-0.015509,-0.008090,2014,3,31
2014.24777550,0.574130,0.115414,-0.107972,0.001011,0.000813,0.003881,0.017510,0.006092,-0.012676,2014,4,1
2014.25051335,0.572696,0.117378,-0.108969,0.000953,0.000763,0.003701,-0.005598,0.022653,0.003408,2014,4,2
2014.25325120,0.576638,0.120186,-0.102603,0.000953,0.000781,0.003786,0.038963,-0.002000,0.011982,2014,4,3
2014.25598905,0.573243,0.119152,-0.111857,0.000909,0.000741,0.003516,0.030377,-0.011368,-0.003962,2014,4,4
2014.25872690,0.571932,0.119127,-0.104870,0.000901,0.000731,0.003538,0.030969,-0.003477,-0.053915,2014,4,5
2014.26146475,0.571750,0.120058,-0.106993,0.000940,0.000748,0.003577,0.041002,-0.025132,-0.007468,2014,4,6
2014.26420260,0.575158,0.114070,-0.111528,0.000916,0.000739,0.003547,0.036762,-0.012339,-0.018284,2014,4,7
2014.26694045,0.574014,0.116514,-0.104431,0.000928,0.000752,0.003604,0.010670,-0.005630,-0.014831,2014,4,8
2014.26967830,0.573931,0.118116,-0.109344,0.000961,0.000777,0.003746,0.036086,-0.014015,0.010430,2014,4,9
2014.27241615,0.574634,0.117916,-0.113023,0.000979,0.000765,0.003592,0.020683,-0.009816,-0.006022,2014,4,10
2014.27515400,0.573933,0.118262,-0.112703,0.001015,0.000782,0.003742,0.027848,-0.002828,0.009520,2014,4,11
2014.27789185,0.574962,0.118638,-0.104122,0.000933,0.000756,0.003690,0.028765,-0.013786,0.005197,2014,4,12
2014.28062971,0.574059,0.122307,-0.106080,0.000882,0.000715,0.003393,0.027592,0.001033,-0.024011,2014,4,13
2014.28336756,0.573883,0.123148,-0.115662,0.000916,0.000739,0.003610,0.013070,-0.002622,-0.026657,2014,4,14
2014.28610541,0.575924,0.118609,-0.117204,0.000938,0.000768,0.003649,0.018306,-0.025495,-0.034956,2014,4,15
2014.28884326,0.574442,0.116911,-0.096544,0.000975,0.000798,0.003646,0.018185,-0.019057,-0.041879,2014,4,16
2014.29158111,0.573665,0.119343,-0.104779,0.000931,0.000746,0.003551,0.024679,-0.002840,-0.033636,2014,4,17
2014.29431896,0.574721,0.121230,-0.109035,0.000899,0.000727,0.003462,0.041148,-0.003872,-0.015176,2014,4,18
2014.29705681,0.576617,0.120277,-0.108547,0.000923,0.000741,0.003602,0.034155,-0.001197,-0.014825,2014,4,19
2014.29979466,0.575304,0.121259,-0.110358,0.000887,0.000718,0.003415,0.025009,-0.000562,-0.018175,2014,4,20
2014.30253251,0.578323,0.120111,-0.102208,0.000884,0.000711,0.003375,0.025629,-0.023231,-0.015740,2014,4,21
2014.30527036,0.574711,0.121160,-0.106802,0.000885,0.000718,0.003433,0.023457,-0.028430,-0.021514,2014,4,22
2014.30800821,0.577772,0.119677,-0.099063,0.000882,0.000713,0.003392,0.024456,-0.015776,-0.022046,2014,4,23
2014.31074606,0.575830,0.120435,-0.110603,0.000901,0.000715,0.003402,0.024419,-0.000806,-0.023079,2014,4,24
2014.31348392,0.579896,0.120946,-0.103337,0.000884,0.000712,0.003388,0.030094,-0.008967,-0.026067,2014,4,25
2014.31622177,0.575847,0.121824,-0.108664,0.000880,0.000716,0.003368,0.017883,-0.011470,-0.018850,2014,4,26
2014.31895962,0.580686,0.122064,-0.098113,0.000934,0.000744,0.003466,-0.009815,-0.011481,-0.026310,2014,4,27
2014.32169747,0.575760,0.122622,-0.108303,0.000905,0.000722,0.003420,0.024054,-0.015769,-0.013244,2014,4,28
2014.32443532,0.575863,0.119553,-0.110300,0.000932,0.000734,0.003475,0.000658,-0.014742,0.004142,2014,4,29
2014.32717317,0.578054,0.122689,-0.104190,0.000953,0.000747,0.003503,0.004565,-0.010585,0.002931,2014,4,30
2014.32991102,0.576878,0.120158,-0.110840,0.000879,0.000712,0.003360,0.028511,-0.019350,-0.030673,2014,5,1
2014.33264887,0.576068,0.123392,-0.109022,0.000920,0.000734,0.003415,0.022173,-0.031750,-0.016944,2014,5,2
2014.33538672,0.576025,0.122788,-0.114587,0.000913,0.000738,0.003534,0.016825,-0.026986,-0.047706,2014,5,3
2014.33812457,0.575235,0.122913,-0.117922,0.000931,0.000752,0.003532,0.005985,-0.049951,-0.047542,2014,5,4
2014.34086242,0.577853,0.123960,-0.108162,0.000886,0.000718,0.003392,0.032805,-0.013700,-0.030368,2014,5,5
2014.34360027,0.574499,0.126505,-0.111185,0.000885,0.000712,0.003369,0.024113,-0.010633,-0.023826,2014,5,6
2014.34633812,0.579175,0.127696,-0.096041,0.000879,0.000710,0.003363,0.031007,-0.017524,-0.036006,2014,5,7
2014.34907598,0.577416,0.122978,-0.109218,0.000883,0.000730,0.003451,0.015419,-0.030564,-0.039166,2014,5,8
2014.35181383,0.580342,0.131067,-0.070305,0.000889,0.000737,0.003503,0.017276,-0.025391,-0.038674,2014,5,9
2014.35455168,0.580839,0.125690,-0.104409,0.000884,0.000719,0.003378,0.029987,-0.005331,-0.029999,2014,5,10
2014.35728953,0.579753,0.122695,-0.101931,0.000910,0.000746,0.003487,0.008544,-0.002781,-0.016423,2014,5,11
2014.36002738,0.580828,0.123866,-0.106077,0.000884,0.000717,0.003400,0.037596,-0.008278,-0.039485,2014,5,12
2014.36276523,0.579869,0.126454,-0.104510,0.000914,0.000729,0.003455,0.013110,-0.024187,-0.045085,2014,5,13
2014.36550308,0.580011,0.126478,-0.109471,0.000902,0.000736,0.003562,0.020730,-0.033063,-0.044113,2014,5,14
2014.36824093,0.579916,0.126064,-0.107724,0.000892,0.000731,0.003492,0.022032,-0.010523,-0.030838,2014,5,15
2014.37097878,0.579492,0.124227,-0.116088,0.000886,0.000720,0.003418,0.032645,-0.015402,-0.026561,2014,5,16
2014.37371663,0.583966,0.125044,-0.095434,0.000887,0.000718,0.003412,0.031559,-0.013640,-0.033155,2014,5,17
2014.37645448,0.581346,0.127557,-0.101293,0.000892,0.000719,0.003432,0.028041,-0.012877,-0.035233,2014,5,18
2014.37919233,0.582352,0.126322,-0.102510,0.000892,0.000722,0.003439,0.024073,-0.015350,-0.038817,2014,5,19
2014.38193018,0.582563,0.124107,-0.101614,0.000892,0.000726,0.003482,0.016239,-0.004430,-0.030861,2014,5,20
2014.38466804,0.581463,0.126265,-0.103469,0.000885,0.000722,0.003444,0.014316,-0.011264,-0.022054,2014,5,21
2014.38740589,0.582621,0.125436,-0.107805,0.000893,0.000726,0.003458,0.011299,-0.005971,-0.029258,2014,5,22
2014.39014374,0.580141,0.125883,-0.111394,0.000895,0.000728,0.003468,0.007708,-0.007214,-0.035878,2014,5,23
2014.39288159,0.581044,0.128054,-0.104619,0.000893,0.000725,0.003454,0.007373,-0.007553,-0.040820,2014,5,24
2014.39561944,0.584504,0.128890,-0.099674,0.000897,0.000727,0.003481,0.012024,-0.002082,-0.033842,2014,5,25
2014.39835729,0.582726,0.125172,-0.095900,0.000894,0.000725,0.003452,-0.001814,0.000510,-0.023049,2014,5,26
2014.40109514,0.582597,0.124936,-0.101270,0.000898,0.000727,0.003455,0.001838,-0.006341,-0.013604,2014,5,27
2014.40383299,0.584729,0.125980,-0.102912,0.000890,0.000724,0.003426,0.009969,-0.007788,-0.029906,2014,5,28
2014.40657084,0.587051,0.127177,-0.097585,0.000890,0.000724,0.003433,0.014258,-0.000797,-0.034507,2014,5,29
2014.40930869,0.583307,0.127199,-0.101281,0.000892,0.000725,0.003444,0.014985,0.002569,-0.028685,2014,5,30
2014.41204654,0.584605,0.127599,-0.095733,0.000889,0.000714,0.003386,0.027920,-0.000871,-0.036352,2014,5,31
2014.41478439,0.585369,0.129887,-0.108014,0.000886,0.000713,0.003355,0.016274,-0.005542,-0.032434,2014,6,1
2014.41752225,0.583289,0.129418,-0.103922,0.000887,0.000712,0.003347,0.018852,-0.006473,-0.030176,2014,6,2
2014.42026010,0.583445,0.129700,-0.103026,0.000884,0.000710,0.003347,0.021804,-0.015606,-0.036616,2014,6,3
2014.42299795,0.584222,0.129456,-0.103161,0.000887,0.000717,0.003376,0.026100,-0.002091,-0.035936,2014,6,4
2014.42573580,0.585413,0.129336,-0.104312,0.000888,0.000716,0.003389,0.030009,-0.004277,-0.039550,2014,6,5
2014.42847365,0.587040,0.128531,-0.105036,0.000886,0.000716,0.003373,0.024855,-0.008888,-0.036638,2014,6,6
2014.43121150,0.587638,0.128667,-0.104137,0.000895,0.000718,0.003377,0.022293,-0.011222,-0.026080,2014,6,7
2014.43394935,0.585163,0.129620,-0.103914,0.000903,0.000714,0.003378,0.009744,-0.005228,-0.035219,2014,6,8
2014.43668720,0.585159,0.130996,-0.107705,0.000886,0.000713,0.003362,0.025549,-0.016057,-0.042158,2014,6,9
2014.43942505,0.587767,0.131163,-0.105431,0.000900,0.000723,0.003424,0.041913,-0.008462,-0.042032,2014,6,10
2014.44216290,0.587369,0.130912,-0.099306,0.000889,0.000721,0.003400,0.027120,-0.005667,-0.028835,2014,6,11
2014.44490075,0.586491,0.130485,-0.113796,0.000900,0.000740,0.003445,0.026184,0.006834,-0.048276,2014,6,12
2014.44763860,0.587665,0.128407,-0.106552,0.000925,0.000742,0.003462,0.036710,-0.002242,-0.041671,2014,6,13
2014.45037645,0.585581,0.128836,-0.103394,0.000888,0.000713,0.003366,0.022689,-0.004556,-0.038650,2014,6,14
2014.45311431,0.589856,0.127566,-0.106692,0.000887,0.000712,0.003364,0.026182,-0.008903,-0.041323,2014,6,15
2014.45585216,0.589896,0.127496,-0.100174,0.000889,0.000716,0.003376,0.021258,-0.001496,-0.032700,2014,6,16
2014.45859001,0.587907,0.129098,-0.103520,0.000888,0.000715,0.003379,0.024522,-0.016516,-0.035736,2014,6,17
2014.46132786,0.587515,0.131104,-0.103715,0.000890,0.000712,0.003364,0.028090,-0.003387,-0.034992,2014,6,18
2014.46406571,0.588806,0.130566,-0.100522,0.000892,0.000712,0.003373,0.022708,0.005257,-0.028031,2014,6,19
2014.46680356,0.587581,0.129739,-0.108272,0.000891,0.000713,0.003368,0.018316,-0.008154,-0.036879,2014,6,20
2014.46954141,0.588718,0.130636,-0.106952,0.000888,0.000713,0.003378,0.015784,-0.011910,-0.035037,2014,6,21
2014.47227926,0.587561,0.129504,-0.106648,0.000886,0.000713,0.003377,0.023207,-0.005513,-0.034336,2014,6,22
2014.47501711,0.588686,0.130014,-0.106944,0.000884,0.000708,0.003350,0.019375,0.000656,-0.033180,2014,6,23
2014.47775496,0.587840,0.129344,-0.107428,0.000886,0.000709,0.003354,0.023245,0.009155,-0.026306,2014,6,24
2014.48049281,0.588550,0.128106,-0.101683,0.000888,0.000710,0.003372,0.019324,0.008096,-0.040752,2014,6,25
2014.48323066,0.587124,0.130344,-0.108895,0.000892,0.000714,0.003386,0.009462,-0.015323,-0.029917,2014,6,26
2014.48596851,0.587166,0.131952,-0.113948,0.000891,0.000713,0.003375,0.010769,-0.007371,-0.035846,2014,6,27
2014.48870637,0.589100,0.131998,-0.104675,0.000888,0.000709,0.003365,0.011634,-0.001890,-0.039141,2014,6,28
2014.49144422,0.590740,0.132072,-0.111979,0.000879,0.000692,0.003291,0.015027,0.002738,-0.023202,2014,6,29
2014.49418207,0.589098,0.133033,-0.109888,0.000878,0.000692,0.003296,0.013206,-0.006115,-0.035264,2014,6,30
2014.49691992,0.588524,0.133045,-0.107285,0.000879,0.000693,0.003303,0.006349,-0.016920,-0.025928,2014,7,1
2014.49965777,0.589388,0.132553,-0.105687,0.000882,0.000695,0.003317,0.010366,-0.026256,-0.030275,2014,7,2
2014.50239562,0.589151,0.132671,-0.111695,0.000881,0.000708,0.003365,0.002322,-0.005411,-0.021319,2014,7,3
2014.50513347,0.590205,0.131583,-0.108501,0.000880,0.000706,0.003342,-0.000825,0.000660,-0.027109,2014,7,4
2014.50787132,0.589803,0.133165,-0.110532,0.000881,0.000692,0.003306,0.012532,-0.002113,-0.037754,2014,7,5
2014.51060917,0.589628,0.133440,-0.107772,0.000880,0.000694,0.003311,0.007549,-0.002369,-0.031836,2014,7,6
2014.51334702,0.589409,0.135055,-0.108236,0.000883,0.000695,0.003322,0.009528,-0.009878,-0.030551,2014,7,7
2014.51608487,0.590351,0.131885,-0.111124,0.000883,0.000695,0.003317,0.008154,-0.009150,-0.025313,2014,7,8
2014.51882272,0.591495,0.133232,-0.109474,0.000878,0.000689,0.003295,0.007564,-0.014229,-0.036898,2014,7,9
2014.52156057,0.587985,0.134691,-0.104508,0.000893,0.000702,0.003377,0.020250,-0.009317,-0.020939,2014,7,10
2014.52429843,0.589086,0.133239,-0.108401,0.000884,0.000695,0.003335,0.012997,-0.013649,-0.036350,2014,7,11
2014.52703628,0.590526,0.132760,-0.112359,0.000881,0.000694,0.003325,0.012132,-0.016358,-0.028625,2014,7,12
2014.52977413,0.590043,0.131874,-0.109089,0.000879,0.000693,0.003309,0.008035,-0.009009,-0.031933,2014,7,13
2014.53251198,0.590447,0.135245,-0.110697,0.000880,0.000691,0.003317,0.007735,-0.011276,-0.029094,2014,7,14
2014.53524983,0.592555,0.133193,-0.102429,0.000881,0.000688,0.003302,0.004906,-0.012386,-0.036076,2014,7,15
2014.53798768,0.592026,0.135825,-0.103990,0.000887,0.000699,0.003358,0.003267,-0.017830,-0.037272,2014,7,16
2014.54072553,0.592418,0.134241,-0.100907,0.000895,0.000710,0.003393,0.006826,0.003887,-0.039558,2014,7,17
2014.54346338,0.592894,0.131843,-0.107406,0.000889,0.000698,0.003350,0.006671,0.007681,-0.049881,2014,7,18
2014.54620123,0.591062,0.131299,-0.106571,0.000880,0.000687,0.003294,0.008010,0.004427,-0.041691,2014,7,19
2014.54893908,0.589672,0.133179,-0.111775,0.000880,0.000686,0.003296,0.006593,-0.011003,-0.044714,2014,7,20
2014.55167693,0.589359,0.136273,-0.104938,0.000885,0.000691,0.003318,0.008634,-0.008493,-0.044148,2014,7,21
2014.55441478,0.589078,0.134840,-0.109952,0.000883,0.000691,0.003302,-0.001124,-0.003651,-0.032783,2014,7,22
2014.55715264,0.588146,0.133171,-0.115777,0.000886,0.000695,0.003326,0.005555,0.002534,-0.028383,2014,7,23
2014.55989049,0.589506,0.134468,-0.109108,0.000882,0.000690,0.003303,0.002537,0.012802,-0.037189,2014,7,24
2014.56262834,0.590864,0.134261,-0.104839,0.000881,0.000691,0.003309,0.001755,0.003703,-0.043536,2014,7,25
2014.56536619,0.588869,0.138546,-0.104955,0.000886,0.000692,0.003302,0.002590,0.008518,-0.031694,2014,7,26
2014.56810404,0.590366,0.137484,-0.111849,0.000882,0.000691,0.003298,-0.000242,0.000789,-0.032962,2014,7,27
2014.57084189,0.594057,0.135432,-0.107519,0.000887,0.000694,0.003329,-0.001643,-0.004846,-0.037653,2014,7,28
2014.57357974,0.593108,0.134545,-0.107914,0.000885,0.000693,0.003319,0.006654,0.000689,-0.040145,2014,7,29
2014.57631759,0.594186,0.137508,-0.107853,0.000906,0.000708,0.003403,0.017184,0.016812,-0.055775,2014,7,30
2014.57905544,0.592517,0.137205,-0.105396,0.000883,0.000690,0.003282,-0.003594,-0.003379,-0.034401,2014,7,31
2014.58179329,0.593548,0.136044,-0.106450,0.000887,0.000704,0.003353,-0.018136,0.003555,-0.029775,2014,8,1
2014.58453114,0.593384,0.137896,-0.112604,0.000898,0.000724,0.003429,-0.024760,-0.003009,-0.027418,2014,8,2
2014.58726899,0.592069,0.135825,-0.116434,0.000913,0.000734,0.003500,-0.001831,-0.007046,-0.031052,2014,8,3
2014.59000684,0.593244,0.136362,-0.102970,0.000903,0.000712,0.003486,0.010804,-0.017501,-0.048297,2014,8,4
2014.59274470,0.594386,0.131635,-0.102571,0.000889,0.000708,0.003380,0.015027,-0.006987,-0.026968,2014,8,5
2014.59548255,0.595876,0.132405,-0.101175,0.000889,0.000701,0.003367,0.014329,0.001209,-0.012749,2014,8,6
2014.59822040,0.592230,0.134856,-0.104812,0.000889,0.000712,0.003396,0.001729,-0.010318,-0.028306,2014,8,7
2014.60095825,0.594454,0.133082,-0.103461,0.000935,0.000741,0.003605,0.005621,0.004436,-0.047603,2014,8,8
2014.60369610,0.595241,0.132637,-0.104947,0.000887,0.000703,0.003386,0.009148,0.001414,-0.031490,2014,8,9
2014.60643395,0.596392,0.133617,-0.100629,0.000890,0.000707,0.003394,0.012177,0.014914,-0.025792,2014,8,10
2014.60917180,0.596958,0.132366,-0.099979,0.000884,0.000701,0.003360,0.017551,0.006162,-0.016638,2014,8,11
2014.61190965,0.595451,0.131932,-0.107541,0.000888,0.000724,0.003432,0.034663,-0.000207,-0.023725,2014,8,12
2014.61464750,0.595521,0.133293,-0.103873,0.000885,0.000701,0.003388,0.019013,0.003883,-0.034845,2014,8,13
2014.61738535,0.597388,0.132291,-0.110759,0.000896,0.000725,0.003490,0.002205,0.004611,-0.051744,2014,8,14
2014.62012320,0.597934,0.132707,-0.100025,0.000925,0.000718,0.003488,0.011543,0.025523,-0.010169,2014,8,15
2014.62286105,0.596522,0.132824,-0.099182,0.000901,0.000711,0.003473,0.018658,0.010103,-0.011464,2014,8,16
2014.62559890,0.597205,0.131403,-0.106883,0.000887,0.000703,0.003398,0.022813,0.009418,-0.015025,2014,8,17
2014.62833676,0.596576,0.133330,-0.107257,0.000895,0.000707,0.003461,0.034077,-0.001796,-0.037248,2014,8,18
2014.63107461,0.599063,0.133789,-0.107772,0.000885,0.000703,0.003403,0.017829,0.008634,-0.030188,2014,8,19
2014.63381246,0.598204,0.133463,-0.099162,0.000903,0.000729,0.003531,0.012069,0.013836,-0.042440,2014,8,20
2014.63655031,0.600464,0.133816,-0.099330,0.000913,0.000715,0.003475,0.022983,0.004381,-0.030366,2014,8,21
2014.63928816,0.596103,0.135965,-0.093232,0.000897,0.000707,0.003482,0.011911,0.008787,0.010886,2014,8,22
2014.64202601,0.597396,0.138301,-0.101028,0.000930,0.000732,0.003585,0.026249,-0.011179,-0.023976,2014,8,23
2014.64476386,0.597010,0.137152,-0.105347,0.000883,0.000703,0.003395,0.015744,0.006532,-0.025505,2014,8,24
2014.64750171,0.596758,0.136349,-0.102200,0.000894,0.000722,0.003472,0.008553,-0.002320,-0.008259,2014,8,25
2014.65023956,0.597510,0.134899,-0.102335,0.000918,0.000722,0.003488,-0.004879,0.015628,-0.020539,2014,8,26
2014.65297741,0.596980,0.137955,-0.101578,0.000884,0.000703,0.003390,0.020762,0.006438,-0.013491,2014,8,27
2014.65571526,0.598843,0.135750,-0.109721,0.000886,0.000706,0.003430,0.014254,0.023094,-0.028316,2014,8,28
2014.65845311,0.599440,0.135886,-0.100144,0.000880,0.000704,0.003383,0.021338,0.006394,-0.022696,2014,8,29
2014.66119097,0.598805,0.135313,-0.107077,0.000883,0.000710,0.003401,0.012066,0.001900,-0.025232,2014,8,30
2014.66392882,0.599037,0.135506,-0.101192,0.000920,0.000727,0.003541,0.027872,-0.039582,-0.049357,2014,8,31
2014.66666667,0.597744,0.135398,-0.107020,0.000884,0.000707,0.003393,0.015961,0.010876,-0.025431,2014,9,1
2014.66940452,0.599108,0.139514,-0.105470,0.000878,0.000701,0.003374,0.020698,0.005145,-0.023199,2014,9,2
2014.67214237,0.600724,0.140967,-0.105694,0.000880,0.000711,0.003406,0.016963,-0.005795,-0.008745,2014,9,3
2014.67488022,0.598499,0.139863,-0.100454,0.000881,0.000713,0.003425,0.022336,-0.004893,-0.039651,2014,9,4
2014.67761807,0.601543,0.138581,-0.093523,0.000920,0.000730,0.003500,0.018840,-0.025595,-0.044024,2014,9,5
2014.68035592,0.598938,0.138639,-0.098544,0.000920,0.000723,0.003464,0.025079,-0.011879,-0.049961,2014,9,6
2014.68309377,0.599749,0.138412,-0.099617,0.000911,0.000724,0.003503,0.041429,0.002653,-0.043486,2014,9,7
2014.68583162,0.598380,0.138086,-0.102450,0.000885,0.000707,0.003411,0.018310,-0.000473,-0.039935,2014,9,8
2014.68856947,0.600987,0.141435,-0.104781,0.000926,0.000736,0.003537,0.029132,-0.019027,-0.039154,2014,9,9
2014.69130732,0.600229,0.139846,-0.107080,0.000893,0.000719,0.003471,0.020694,-0.024318,-0.039373,2014,9,10
2014.69404517,0.597979,0.138561,-0.104952,0.000889,0.000717,0.003444,0.012369,-0.019738,-0.037797,2014,9,11
2014.69678303,0.598971,0.140254,-0.100776,0.000956,0.000757,0.003712,0.024308,-0.030178,-0.052177,2014,9,12
2014.69952088,0.598908,0.137644,-0.101611,0.000882,0.000708,0.003414,0.010919,0.012222,-0.029063,2014,9,13
2014.70225873,0.598899,0.139686,-0.102638,0.000942,0.000752,0.003681,0.012446,-0.026679,-0.055362,2014,9,14
2014.70499658,0.600739,0.138995,-0.108471,0.000916,0.000726,0.003523,-0.000864,-0.019236,-0.048182,2014,9,15
2014.70773443,0.598879,0.141711,-0.105193,0.000949,0.000762,0.003693,0.030768,-0.049735,-0.058349,2014,9,16
2014.71047228,0.601123,0.139077,-0.103368,0.000907,0.000739,0.003586,0.024010,-0.001595,-0.042980,2014,9,17
2014.71321013,0.597405,0.142309,-0.106445,0.000912,0.000719,0.003548,0.018784,-0.012957,-0.047072,2014,9,18
2014.71594798,0.601526,0.141532,-0.106432,0.000928,0.000747,0.003700,0.016994,-0.016612,-0.055472,2014,9,19
2014.71868583,0.601291,0.139254,-0.104669,0.000881,0.000715,0.003458,0.025926,-0.008250,-0.003183,2014,9,20
2014.72142368,0.600528,0.140203,-0.103878,0.000910,0.000726,0.003611,0.032498,-0.032154,-0.028363,2014,9,21
2014.72416153,0.601214,0.142964,-0.105800,0.000886,0.000719,0.003513,0.026574,0.004099,-0.013897,2014,9,22
2014.72689938,0.603105,0.142810,-0.107601,0.000915,0.000738,0.003657,0.022117,-0.029565,-0.033592,2014,9,23
2014.72963723,0.599480,0.143637,-0.104784,0.000906,0.000728,0.003637,0.026000,-0.035271,-0.036325,2014,9,24
2014.73237509,0.599798,0.140902,-0.099168,0.000891,0.000723,0.003608,0.018323,-0.035162,-0.019295,2014,9,25
2014.73511294,0.599837,0.141637,-0.103442,0.000862,0.000706,0.003483,0.032965,-0.027955,-0.015420,2014,9,26
2014.73785079,0.601911,0.142622,-0.100092,0.000904,0.000745,0.003659,0.027160,-0.017152,-0.034167,2014,9,27
2014.74058864,0.601520,0.142282,-0.099755,0.000891,0.000729,0.003624,0.026141,-0.032089,-0.032004,2014,9,28
2014.74332649,0.603379,0.143255,-0.100456,0.000859,0.000706,0.003444,0.028582,-0.011795,-0.017397,2014,9,29
2014.74606434,0.603480,0.142581,-0.100827,0.000888,0.000736,0.003625,0.036310,-0.031771,-0.018682,2014,9,30
2014.74880219,0.602368,0.142469,-0.102772,0.000853,0.000697,0.003425,0.015107,-0.016158,-0.028666,2014,10,1
2014.75154004,0.601575,0.141815,-0.101015,0.000899,0.000723,0.003561,0.035750,-0.028073,0.014034,2014,10,2
2014.75427789,0.603324,0.142230,-0.101992,0.000861,0.000710,0.003527,0.024173,-0.029036,-0.026424,2014,10,3
2014.75701574,0.605096,0.142838,-0.102925,0.000885,0.000733,0.003663,0.026918,-0.019267,-0.019801,2014,10,4
2014.75975359,0.601980,0.140443,-0.105156,0.000848,0.000699,0.003429,0.023380,-0.007969,-0.023447,2014,10,5
2014.76249144,0.601635,0.141819,-0.103784,0.000873,0.000724,0.003549,0.021548,-0.033281,-0.038328,2014,10,6
2014.76522930,0.603864,0.141767,-0.105870,0.000880,0.000732,0.003573,0.017508,-0.018724,-0.018536,2014,10,7
2014.76796715,0.606274,0.142591,-0.110683,0.000889,0.000737,0.003644,0.032596,-0.024920,-0.013272,2014,10,8
2014.77070500,0.601977,0.144207,-0.104036,0.000882,0.000730,0.003657,0.038275,-0.012784,-0.021994,2014,10,9
2014.77344285,0.602216,0.139117,-0.099779,0.000894,0.000738,0.003732,0.036025,-0.007873,-0.045224,2014,10,10
2014.77618070,0.603777,0.141059,-0.099885,0.000865,0.000717,0.003518,0.051678,0.003707,-0.021692,2014,10,11
2014.77891855,0.603568,0.144703,-0.102702,0.000844,0.000699,0.003424,0.037458,0.015560,0.010285,2014,10,12
2014.78165640,0.602638,0.140638,-0.102482,0.000870,0.000716,0.003543,0.035347,-0.001098,0.003674,2014,10,13
2014.78439425,0.606378,0.145390,-0.103815,0.000853,0.000714,0.003467,0.044541,0.010803,0.009681,2014,10,14
2014.78713210,0.605105,0.143453,-0.100130,0.000844,0.000705,0.003446,0.029253,-0.010166,0.007047,2014,10,15
2014.78986995,0.606529,0.146020,-0.101587,0.000872,0.000732,0.003554,0.016655,-0.031788,-0.012047,2014,10,16
2014.79260780,0.606209,0.145589,-0.101470,0.000865,0.000729,0.003515,0.017283,-0.006052,-0.003954,2014,10,17
2014.79534565,0.604632,0.148107,-0.103437,0.000848,0.000708,0.003468,0.027115,-0.008069,-0.010335,2014,10,18
2014.79808350,0.609717,0.147154,-0.102522,0.000891,0.000751,0.003620,0.020937,-0.016994,0.012612,2014,10,19
2014.80082136,0.608792,0.146393,-0.104518,0.000871,0.000743,0.003629,0.014425,-0.031429,-0.030263,2014,10,20
2014.80355921,0.606783,0.146384,-0.105586,0.000858,0.000715,0.003468,0.015166,-0.015445,0.006967,2014,10,21
2014.80629706,0.607117,0.147543,-0.102704,0.000868,0.000725,0.003480,0.036090,-0.004298,0.021923,2014,10,22
2014.80903491,0.609453,0.146422,-0.104433,0.000866,0.000751,0.003703,0.019660,0.031845,-0.017816,2014,10,23
2014.81177276,0.608453,0.147055,-0.099386,0.000827,0.000707,0.003386,0.025913,0.010379,-0.015894,2014,10,24
2014.81451061,0.607786,0.145575,-0.105115,0.000862,0.000743,0.003544,0.018981,-0.003902,-0.033718,2014,10,25
2014.81724846,0.608560,0.145287,-0.102371,0.000868,0.000762,0.003744,0.003821,0.012618,-0.042825,2014,10,26
2014.81998631,0.608125,0.145153,-0.098747,0.000869,0.000759,0.003672,0.009876,0.010995,-0.034495,2014,10,27
2014.82272416,0.608568,0.147165,-0.095999,0.000859,0.000740,0.003478,0.024795,-0.020088,-0.040877,2014,10,28
2014.82546201,0.610109,0.148132,-0.102726,0.000846,0.000742,0.003541,0.015749,-0.003973,-0.040293,2014,10,29
2014.82819986,0.609392,0.145349,-0.100366,0.000836,0.000725,0.003486,0.026857,-0.004508,-0.065041,2014,10,30
2014.83093771,0.610445,0.144379,-0.093167,0.000848,0.000725,0.003479,0.012358,-0.039836,-0.048658,2014,10,31
2014.83367556,0.610032,0.147557,-0.092852,0.000841,0.000733,0.003487,0.017237,-0.054669,-0.026335,2014,11,1
2014.83641342,0.610981,0.149705,-0.099493,0.000847,0.000744,0.003602,0.016023,-0.024508,0.009157,2014,11,2
2014.83915127,0.610013,0.144252,-0.101881,0.000889,0.000762,0.003723,-0.003231,-0.008199,0.007503,2014,11,3
2014.84188912,0.611693,0.149093,-0.099462,0.000835,0.000719,0.003406,0.019762,-0.035067,-0.032740,2014,11,4
2014.84462697,0.609531,0.148871,-0.107007,0.000856,0.000751,0.003655,0.012682,-0.001073,-0.037449,2014,11,5
2014.84736482,0.610299,0.147859,-0.099727,0.000842,0.000725,0.003449,0.022995,-0.042865,-0.025589,2014,11,6
2014.85010267,0.610294,0.145288,-0.100027,0.000832,0.000717,0.003395,0.020282,-0.038561,-0.040362,2014,11,7
2014.85284052,0.609952,0.148753,-0.094932,0.000838,0.000726,0.003415,0.017428,-0.024733,-0.027406,2014,11,8
2014.85557837,0.612723,0.146966,-0.100522,0.000866,0.000757,0.003550,0.003707,-0.044114,-0.013902,2014,11,9
2014.85831622,0.612928,0.147389,-0.090158,0.000849,0.000729,0.003445,0.017995,-0.004798,-0.062071,2014,11,10
2014.86105407,0.612200,0.146171,-0.087803,0.000837,0.000720,0.003403,0.015956,-0.035685,-0.059280,2014,11,11
2014.86379192,0.610775,0.147739,-0.094053,0.000831,0.000714,0.003359,0.014031,-0.034369,-0.054903,2014,11,12
2014.86652977,0.612508,0.146962,-0.081831,0.000862,0.000740,0.003470,-0.013834,-0.031802,-0.005206,2014,11,13
2014.86926762,0.610528,0.146017,-0.091132,0.000882,0.000760,0.003653,-0.015459,0.008711,-0.017740,2014,11,14
2014.87200548,0.611141,0.147528,-0.088937,0.000831,0.000723,0.003383,0.008497,-0.015717,-0.073852,2014,11,15
2014.87474333,0.612427,0.151438,-0.090614,0.000854,0.000743,0.003468,0.004936,-0.034204,-0.044112,2014,11,16
2014.87748118,0.611645,0.149045,-0.090090,0.000879,0.000765,0.003691,-0.026727,-0.029635,-0.033997,2014,11,17
2014.88021903,0.612028,0.146108,-0.092433,0.000929,0.000778,0.003701,-0.043328,-0.032029,-0.037204,2014,11,18
2014.88295688,0.612470,0.149705,-0.091327,0.000878,0.000763,0.003643,-0.028186,-0.001105,-0.060386,2014,11,19
2014.88569473,0.614272,0.149834,-0.089074,0.000865,0.000761,0.003540,-0.004802,-0.033655,-0.072787,2014,11,20
2014.88843258,0.613075,0.148003,-0.083503,0.000890,0.000756,0.003573,0.000945,-0.024669,-0.051986,2014,11,21
2014.89117043,0.610803,0.149770,-0.087339,0.000855,0.000752,0.003483,-0.016069,-0.045054,-0.077405,2014,11,22
2014.89390828,0.613237,0.151718,-0.083251,0.000848,0.000747,0.003430,-0.010378,-0.052087,-0.082201,2014,11,23
2014.89664613,0.616379,0.147969,-0.084343,0.000879,0.000780,0.003641,-0.034932,-0.021578,-0.057424,2014,11,24
2014.89938398,0.616476,0.150435,-0.088392,0.000863,0.000764,0.003462,-0.027983,-0.036143,-0.073437,2014,11,25
2014.90212183,0.614898,0.151879,-0.079403,0.000842,0.000748,0.003428,-0.006747,-0.039670,-0.089617,2014,11,26
2014.90485969,0.615476,0.148291,-0.084244,0.000856,0.000776,0.003626,-0.024453,-0.010277,-0.086260,2014,11,27
2014.90759754,0.614992,0.147757,-0.083486,0.000857,0.000748,0.003403,-0.001344,-0.067055,-0.064429,2014,11,28
2014.91033539,0.616196,0.150149,-0.090203,0.000852,0.000759,0.003415,-0.010485,-0.056806,-0.039364,2014,11,29
2014.91307324,0.613438,0.150038,-0.081568,0.000864,0.000764,0.003538,-0.037485,-0.022966,-0.039646,2014,11,30
2014.91581109,0.616185,0.153706,-0.091748,0.000823,0.000724,0.003340,0.010399,-0.036508,-0.064274,2014,12,1
2014.91854894,0.615117,0.152498,-0.092052,0.000829,0.000730,0.003381,0.001002,-0.040113,-0.076538,2014,12,2
2014.92128679,0.616819,0.154964,-0.092488,0.000828,0.000727,0.003353,0.002068,-0.044737,-0.075648,2014,12,3
2014.92402464,0.616906,0.152000,-0.083141,0.000821,0.000724,0.003313,-0.009653,-0.035035,-0.054292,2014,12,4
2014.92676249,0.616077,0.152517,-0.093021,0.000819,0.000721,0.003340,-0.008100,-0.032292,-0.057169,2014,12,5
2014.92950034,0.615174,0.154420,-0.084620,0.000822,0.000721,0.003325,-0.000345,-0.040570,-0.061194,2014,12,6
2014.93223819,0.616053,0.152880,-0.085854,0.000823,0.000724,0.003340,0.003615,-0.037033,-0.064439,2014,12,7
2014.93497604,0.616632,0.155729,-0.092367,0.000826,0.000725,0.003340,-0.000473,-0.048979,-0.065073,2014,12,8
2014.93771389,0.618528,0.153581,-0.088194,0.000820,0.000720,0.003315,-0.009619,-0.032504,-0.058890,2014,12,9
2014.94045175,0.616067,0.153846,-0.085790,0.000818,0.000723,0.003338,-0.006299,-0.019228,-0.047383,2014,12,10
2014.94318960,0.619077,0.154920,-0.095570,0.000863,0.000769,0.003598,0.008874,-0.020164,-0.016574,2014,12,11
2014.94592745,0.616579,0.153407,-0.093542,0.000827,0.000724,0.003346,-0.001729,-0.036528,-0.040259,2014,12,12
2014.94866530,0.618125,0.155735,-0.093637,0.000798,0.000705,0.003264,0.021696,-0.063205,-0.035704,2014,12,13
2014.95140315,0.618189,0.152657,-0.086839,0.000798,0.000704,0.003262,0.013948,-0.059765,-0.037816,2014,12,14
2014.95414100,0.618039,0.153570,-0.087737,0.000799,0.000707,0.003283,0.009641,-0.039197,-0.014492,2014,12,15
2014.95687885,0.620155,0.153911,-0.093381,0.000821,0.000713,0.003316,0.024132,-0.031451,-0.023887,2014,12,16
2014.95961670,0.618319,0.155401,-0.088958,0.000818,0.000714,0.003298,0.033120,-0.040089,-0.028920,2014,12,17
2014.96235455,0.617687,0.155519,-0.090314,0.000785,0.000707,0.003216,0.024016,-0.066574,-0.024963,2014,12,18
2014.96509240,0.619549,0.152604,-0.086288,0.000791,0.000720,0.003277,0.009817,-0.077296,-0.011810,2014,12,19
2014.96783025,0.617189,0.153753,-0.083838,0.000802,0.000700,0.003234,-0.004141,-0.048031,-0.038996,2014,12,20
2014.97056810,0.612550,0.152862,-0.095617,0.000786,0.000702,0.003206,0.020067,-0.060745,-0.013684,2014,12,21
2014.97330595,0.619096,0.155028,-0.088647,0.000797,0.000742,0.003316,0.036752,-0.116920,-0.033551,2014,12,22
2014.97604381,0.619845,0.152691,-0.090974,0.000785,0.000704,0.003225,0.020607,-0.064150,-0.021725,2014,12,23
2014.97878166,0.621246,0.156144,-0.087295,0.000781,0.000702,0.003207,0.023477,-0.072817,-0.019531,2014,12,24
2014.98151951,0.619532,0.154064,-0.078084,0.000824,0.000718,0.003302,0.037075,-0.067473,0.009189,2014,12,25
2014.98425736,0.620837,0.153638,-0.079536,0.000790,0.000703,0.003226,0.021687,-0.057039,-0.003003,2014,12,26
2014.98699521,0.618988,0.155071,-0.082059,0.000786,0.000701,0.003214,0.015919,-0.066280,-0.009697,2014,12,27
2014.98973306,0.621276,0.153046,-0.084360,0.000785,0.000703,0.003232,0.023809,-0.066341,-0.013440,2014,12,28
2014.99247091,0.621071,0.154422,-0.083345,0.000810,0.000710,0.003269,0.012366,-0.085859,0.011223,2014,12,29
2014.99520876,0.622570,0.154483,-0.080027,0.000787,0.000701,0.003228,0.022772,-0.079205,-0.013467,2014,12,30
2014.99794661,0.619022,0.154712,-0.084508,0.000828,0.000741,0.003358,0.044412,-0.080449,0.016358,2014,12,31
